learning_rate,batch_size,num_epochs,weight_decay,trial,best_val_acc,duration_sec
3e-05,8,4,0.05,2,99.77777777777777,2442.5772366523743
1e-05,24,4,0.05,10,99.77777777777777,3524.418040037155
2e-05,16,5,0.05,4,99.73333333333333,1805.3097651004791
2e-05,16,4,0.0,6,99.73333333333333,1811.1578922271729
3e-05,24,4,0.01,1,99.68888888888888,1352.6201810836792
1e-05,24,4,0.0,7,99.64444444444445,3168.4709284305573
5e-06,8,3,0.05,8,99.64444444444445,1569.3532085418701
5e-06,24,4,0.01,9,99.64444444444445,1794.6962435245514
5e-06,24,5,0.05,3,99.6,1887.3751103878021
1e-05,8,3,0.0,5,99.6,1808.1802670955658
