language,filename,easyocr,trocr,chosen,source
en,EN_001.png,"This kind of ""trick question"" is often used in aptit ude tests or","THIS KIND OF ""TRICK QUESTION"" IS OFTEN USED IN APTIT","THIS KIND OF ""TRICK QUESTION"" IS OFTEN USED IN APTIT",trocr
en,EN_002.png,cognitive evaluations,COSNITIVE EVALUATIONS,COSNITIVE EVALUATIONS,trocr
en,EN_003.png,"By yaRpheag spaaiotem3oaaladiegrirersory prcper dynamics, and fading memory proper ties, as","BYPERPLYING AYRAMIES, AND FALING INCLUSITY PROTIPER","BYPERPLYING AYRAMIES, AND FALING INCLUSITY PROTIPER",trocr
en,EN_004.png,well as unsupervised learning from training data by reshaping the organoid functional,BYTLES HAPPING THE ORGANDA PUNCH TRAINING DATE,BYTLES HAPPING THE ORGANDA PUNCH TRAINING DATE,trocr
en,EN_005.png,"connectivity, the study showed the potential of t his technology by using it","RESTRICTIVITY, THEY USPY SHOWED THE POTENTRI OFF","RESTRICTIVITY, THEY USPY SHOWED THE POTENTRI OFF",trocr
ms,MY_001.png,"Pada blanHori 1887, Tesb menwaankjen mengengiteranga0jang Ukeng","PATABULAR, JALAN 1887, TEND MEATALAKAN KajAN","PATABULAR, JALAN 1887, TEND MEATALAKAN KajAN",trocr
ms,MY_002.png,kini sebagai sinar-X dengan mepgfanakadi tiub v akum terminal tunggal rekaan sendiri,KINI SEBARSAI SINAR-XDEM PERMASBARUNASEN BUD V,KINI SEBARSAI SINAR-XDEM PERMASBARUNASEN BUD V,trocr
ms,MY_003.png,"Pada tahun 1948, resolusi ketujuh persidangan C GPM kesembilan menggunakan nama 1 newton"" bagi","GSTA KENEN 1848, HESOLUSI KELLAH PERSI,HANGEN.C","GSTA KENEN 1848, HESOLUSI KELLAH PERSI,HANGEN.C",trocr
ms,MY_004.png,daya ini Apa 'Jangeeningnalahıakelaapaedati agaan kuat mendalam untuk mencapai matl amat,"RECEIPT KOPPAN PERCHANG ALATUYAWELATA,KEMAN","RECEIPT KOPPAN PERCHANG ALATUYAWELATA,KEMAN",trocr
ms,MY_005.png,Buku-buku; majalah-majalah; dan surat akhbar b ahasa Inggeris dapat dijumpai seantero du nia pada,BAKKA ENGGERS JALPAYDAHPAI PADASET AHRBARB,BAKKA ENGGERS JALPAYDAHPAI PADASET AHRBARB,trocr
zh,CN_001.png,这样的行业现状也有弊端二 许多有启示性,"***6***4%, *******",这样的行业现状也有弊端二 许多有启示性,easyocr
zh,CN_002.png,的失败实验得不到机会发表 很多人会把,***,的失败实验得不到机会发表 很多人会把,easyocr
zh,CN_003.png,_套-三二二三二三-多,CASHIER@6%$5%,_套-三二二三二三-多,easyocr
zh,CN_004.png,忽略了自己从事研究工作的初衷,387#2X#***14***,忽略了自己从事研究工作的初衷,easyocr
zh,CN_005.png,欧洲人权法庭定义的狭义教育为 在知识,COMARTEXXXX*** ****,欧洲人权法庭定义的狭义教育为 在知识,easyocr
